Id,SalePrice
533352170,181469.70160897123
531379050,181469.70160897123
535304180,181469.70160897123
916386060,181469.70160897123
906425045,181469.70160897123
535126040,181469.70160897123
908186070,181469.70160897123
535154050,181469.70160897123
535353130,181469.70160897123
535426130,181469.70160897123
527451290,181469.70160897123
906380150,181469.70160897123
906226060,181469.70160897123
533236070,181469.70160897123
907418040,181469.70160897123
923202105,181469.70160897123
902301140,181469.70160897123
905101490,181469.70160897123
905107140,181469.70160897123
528458070,181469.70160897123
905106150,181469.70160897123
527131030,181469.70160897123
528142010,181469.70160897123
527165230,181469.70160897123
527250040,181469.70160897123
535104120,181469.70160897123
532376160,181469.70160897123
909277040,181469.70160897123
911103060,181469.70160897123
535450190,181469.70160897123
527355150,181469.70160897123
909276010,181469.70160897123
533250130,181469.70160897123
535302070,181469.70160897123
906340110,181469.70160897123
535426150,181469.70160897123
923225240,181469.70160897123
527358140,181469.70160897123
534177210,181469.70160897123
907135050,181469.70160897123
908102260,181469.70160897123
528110050,181469.70160897123
923275040,181469.70160897123
902406090,181469.70160897123
905102170,181469.70160897123
909281110,181469.70160897123
909101140,181469.70160897123
909275050,181469.70160897123
534475100,181469.70160897123
528188090,181469.70160897123
533221080,181469.70160897123
909250220,181469.70160897123
527356020,181469.70160897123
923226250,181469.70160897123
535305120,181469.70160897123
905106140,181469.70160897123
533212020,181469.70160897123
534479300,181469.70160897123
535304170,181469.70160897123
527107010,181469.70160897123
528382020,181469.70160897123
528458130,181469.70160897123
905109170,181469.70160897123
902109160,181469.70160897123
535178120,181469.70160897123
923202134,181469.70160897123
909252150,181469.70160897123
908188150,181469.70160897123
528150040,181469.70160897123
528228565,181469.70160897123
905453080,181469.70160897123
914453045,181469.70160897123
535403150,181469.70160897123
908188140,181469.70160897123
528439030,181469.70160897123
903452025,181469.70160897123
905200380,181469.70160897123
903235100,181469.70160897123
535106190,181469.70160897123
910201050,181469.70160897123
902301130,181469.70160897123
527214050,181469.70160897123
902300215,181469.70160897123
527425110,181469.70160897123
923203140,181469.70160897123
528186110,181469.70160897123
531371050,181469.70160897123
535327200,181469.70160897123
534129370,181469.70160897123
533210060,181469.70160897123
534127210,181469.70160897123
907280090,181469.70160897123
531452260,181469.70160897123
906226100,181469.70160897123
534403410,181469.70160897123
533206060,181469.70160897123
905200350,181469.70160897123
534276180,181469.70160897123
528186090,181469.70160897123
528358030,181469.70160897123
527214030,181469.70160897123
905476170,181469.70160897123
533350120,181469.70160897123
902477130,181469.70160897123
914474070,181469.70160897123
534125210,181469.70160897123
533223080,181469.70160897123
903427040,181469.70160897123
526303060,181469.70160897123
528188120,181469.70160897123
902106010,181469.70160897123
534252110,181469.70160897123
903232090,181469.70160897123
535457010,181469.70160897123
905228050,181469.70160897123
527354200,181469.70160897123
908102320,181469.70160897123
533215020,181469.70160897123
905226110,181469.70160897123
907130100,181469.70160897123
908127120,181469.70160897123
535178040,181469.70160897123
532377140,181469.70160897123
902106140,181469.70160897123
902301080,181469.70160897123
533350090,181469.70160897123
528235130,181469.70160897123
909282060,181469.70160897123
527105060,181469.70160897123
910205010,181469.70160897123
527454120,181469.70160897123
535376060,181469.70160897123
527454130,181469.70160897123
533250160,181469.70160897123
909100170,181469.70160897123
527450110,181469.70160897123
905101100,181469.70160897123
528181060,181469.70160897123
527210040,181469.70160897123
903426200,181469.70160897123
527276150,181469.70160897123
528275080,181469.70160897123
532378110,181469.70160897123
905452160,181469.70160897123
533238045,181469.70160897123
903233180,181469.70160897123
908128060,181469.70160897123
527302050,181469.70160897123
907192040,181469.70160897123
903426180,181469.70160897123
527455280,181469.70160897123
527212030,181469.70160897123
535152230,181469.70160897123
907285100,181469.70160897123
534276160,181469.70160897123
528221050,181469.70160897123
527182020,181469.70160897123
535476370,181469.70160897123
903425340,181469.70160897123
535180070,181469.70160897123
905226050,181469.70160897123
906403060,181469.70160897123
903430070,181469.70160897123
528188150,181469.70160897123
535404080,181469.70160897123
923225440,181469.70160897123
902401010,181469.70160897123
527455060,181469.70160897123
908226130,181469.70160897123
905108170,181469.70160897123
908102110,181469.70160897123
903401070,181469.70160897123
528456160,181469.70160897123
534479140,181469.70160897123
527356040,181469.70160897123
902405070,181469.70160897123
528235050,181469.70160897123
905200220,181469.70160897123
528365060,181469.70160897123
527451180,181469.70160897123
908208020,181469.70160897123
902402010,181469.70160897123
527376090,181469.70160897123
910251050,181469.70160897123
907262030,181469.70160897123
528488120,181469.70160897123
533130170,181469.70160897123
528429110,181469.70160897123
535125060,181469.70160897123
527212040,181469.70160897123
527210030,181469.70160897123
906475170,181469.70160897123
924100040,181469.70160897123
527359050,181469.70160897123
535402330,181469.70160897123
906392120,181469.70160897123
531376090,181469.70160897123
908227010,181469.70160897123
528221090,181469.70160897123
528166060,181469.70160897123
923228200,181469.70160897123
528477050,181469.70160897123
528348030,181469.70160897123
909254130,181469.70160897123
528222080,181469.70160897123
903232190,181469.70160897123
909275310,181469.70160897123
923201020,181469.70160897123
528228325,181469.70160897123
914475030,181469.70160897123
527402200,181469.70160897123
531376070,181469.70160897123
528458020,181469.70160897123
905201020,181469.70160897123
908102170,181469.70160897123
528228440,181469.70160897123
535353040,181469.70160897123
535377100,181469.70160897123
534475185,181469.70160897123
909256120,181469.70160897123
907418020,181469.70160897123
534275010,181469.70160897123
527146135,181469.70160897123
905202230,181469.70160897123
528290190,181469.70160897123
531375130,181469.70160897123
923203190,181469.70160897123
527212050,181469.70160897123
909281020,181469.70160897123
903453080,181469.70160897123
528180140,181469.70160897123
916403230,181469.70160897123
909275230,181469.70160897123
916403040,181469.70160897123
528235180,181469.70160897123
902105060,181469.70160897123
534425015,181469.70160897123
535126010,181469.70160897123
534403050,181469.70160897123
909280070,181469.70160897123
905451050,181469.70160897123
534475160,181469.70160897123
528174010,181469.70160897123
528488140,181469.70160897123
903234050,181469.70160897123
913350030,181469.70160897123
527190050,181469.70160897123
535301150,181469.70160897123
534277060,181469.70160897123
910206010,181469.70160897123
528363020,181469.70160897123
534401110,181469.70160897123
534453140,181469.70160897123
907252120,181469.70160897123
907414040,181469.70160897123
902109120,181469.70160897123
905477010,181469.70160897123
528280180,181469.70160897123
535353140,181469.70160897123
903228150,181469.70160897123
534451150,181469.70160897123
535380110,181469.70160897123
923227030,181469.70160897123
908250090,181469.70160897123
534450150,181469.70160897123
531451030,181469.70160897123
905105010,181469.70160897123
905101070,181469.70160897123
534104090,181469.70160897123
533212130,181469.70160897123
528178090,181469.70160897123
923276030,181469.70160897123
528221100,181469.70160897123
535451110,181469.70160897123
527302175,181469.70160897123
535178100,181469.70160897123
908130020,181469.70160897123
528228435,181469.70160897123
909451150,181469.70160897123
907203060,181469.70160897123
903205085,181469.70160897123
528186130,181469.70160897123
527453130,181469.70160897123
907192030,181469.70160897123
527165100,181469.70160897123
905352010,181469.70160897123
916382100,181469.70160897123
914476430,181469.70160897123
531376030,181469.70160897123
923202015,181469.70160897123
923226150,181469.70160897123
535180130,181469.70160897123
534126060,181469.70160897123
907290250,181469.70160897123
527453140,181469.70160897123
905351089,181469.70160897123
902207140,181469.70160897123
923225360,181469.70160897123
909426090,181469.70160897123
907412020,181469.70160897123
533250110,181469.70160897123
910226040,181469.70160897123
909425060,181469.70160897123
908276140,181469.70160897123
526351010,181469.70160897123
907202220,181469.70160897123
531477020,181469.70160897123
535354130,181469.70160897123
902305080,181469.70160897123
527182110,181469.70160897123
907255060,181469.70160897123
534250300,181469.70160897123
905480090,181469.70160897123
528480130,181469.70160897123
532376090,181469.70160897123
923228180,181469.70160897123
528180070,181469.70160897123
527210050,181469.70160897123
906380100,181469.70160897123
528365080,181469.70160897123
903475040,181469.70160897123
528240130,181469.70160897123
528458060,181469.70160897123
923425030,181469.70160897123
534201230,181469.70160897123
909250200,181469.70160897123
534250010,181469.70160897123
527452100,181469.70160897123
528366050,181469.70160897123
532377050,181469.70160897123
909254150,181469.70160897123
527302020,181469.70160897123
528118090,181469.70160897123
903400220,181469.70160897123
909131125,181469.70160897123
528292070,181469.70160897123
902103100,181469.70160897123
923205025,181469.70160897123
528458150,181469.70160897123
527182040,181469.70160897123
535453160,181469.70160897123
909250150,181469.70160897123
527451400,181469.70160897123
534427090,181469.70160897123
908188110,181469.70160897123
531451290,181469.70160897123
905200490,181469.70160897123
527356060,181469.70160897123
528431110,181469.70160897123
923426070,181469.70160897123
903227020,181469.70160897123
904100190,181469.70160897123
535302200,181469.70160897123
535353190,181469.70160897123
535151080,181469.70160897123
528102090,181469.70160897123
911103050,181469.70160897123
903226170,181469.70160897123
905451410,181469.70160897123
528363110,181469.70160897123
527452290,181469.70160897123
528118040,181469.70160897123
902207110,181469.70160897123
909129100,181469.70160897123
528427100,181469.70160897123
535454070,181469.70160897123
535478040,181469.70160897123
909256020,181469.70160897123
534400030,181469.70160897123
916386090,181469.70160897123
535103070,181469.70160897123
909425270,181469.70160897123
532376250,181469.70160897123
528280150,181469.70160897123
902305110,181469.70160897123
535302140,181469.70160897123
535152070,181469.70160897123
534403260,181469.70160897123
526355170,181469.70160897123
903458020,181469.70160897123
902406030,181469.70160897123
527162180,181469.70160897123
903430060,181469.70160897123
535455060,181469.70160897123
527355280,181469.70160897123
906394040,181469.70160897123
907227090,181469.70160897123
528112010,181469.70160897123
905107240,181469.70160897123
914478045,181469.70160897123
532351140,181469.70160897123
531453010,181469.70160897123
528118110,181469.70160897123
908152080,181469.70160897123
902402250,181469.70160897123
527451450,181469.70160897123
904350045,181469.70160897123
534125120,181469.70160897123
528108120,181469.70160897123
535175070,181469.70160897123
906226080,181469.70160897123
904351200,181469.70160897123
907200340,181469.70160897123
533221090,181469.70160897123
528176070,181469.70160897123
528290180,181469.70160897123
527451200,181469.70160897123
902202150,181469.70160897123
911102170,181469.70160897123
903454010,181469.70160897123
911204100,181469.70160897123
908152070,181469.70160897123
910203020,181469.70160897123
909178160,181469.70160897123
908154040,181469.70160897123
904100100,181469.70160897123
923276100,181469.70160897123
528221030,181469.70160897123
527107090,181469.70160897123
909252170,181469.70160897123
527162120,181469.70160897123
531375100,181469.70160897123
916386170,181469.70160897123
909252010,181469.70160897123
534400120,181469.70160897123
902325050,181469.70160897123
911175440,181469.70160897123
905103030,181469.70160897123
528292030,181469.70160897123
527140090,181469.70160897123
533223050,181469.70160897123
907251090,181469.70160897123
909175080,181469.70160897123
908103260,181469.70160897123
907262060,181469.70160897123
527163080,181469.70160897123
909201180,181469.70160897123
908201100,181469.70160897123
535125070,181469.70160897123
902401130,181469.70160897123
916384050,181469.70160897123
527226040,181469.70160897123
923252100,181469.70160897123
909177120,181469.70160897123
527402240,181469.70160897123
535478110,181469.70160897123
534127130,181469.70160897123
528240080,181469.70160897123
907285010,181469.70160897123
907414080,181469.70160897123
534201300,181469.70160897123
528439010,181469.70160897123
905107310,181469.70160897123
907202010,181469.70160897123
533223100,181469.70160897123
903454080,181469.70160897123
909275080,181469.70160897123
535379110,181469.70160897123
527146030,181469.70160897123
909176180,181469.70160897123
534431130,181469.70160897123
528222030,181469.70160897123
903400030,181469.70160897123
916253320,181469.70160897123
902100020,181469.70160897123
528340030,181469.70160897123
531380110,181469.70160897123
535380130,181469.70160897123
909282020,181469.70160897123
916477060,181469.70160897123
535453070,181469.70160897123
906426060,181469.70160897123
905403050,181469.70160897123
528108010,181469.70160897123
909276210,181469.70160897123
916475100,181469.70160897123
533212010,181469.70160897123
527451170,181469.70160897123
531371070,181469.70160897123
906394010,181469.70160897123
527256030,181469.70160897123
531382110,181469.70160897123
906475110,181469.70160897123
907275010,181469.70160897123
534201040,181469.70160897123
535327140,181469.70160897123
902328040,181469.70160897123
902100030,181469.70160897123
528164040,181469.70160897123
528178070,181469.70160897123
527164060,181469.70160897123
908128050,181469.70160897123
528390020,181469.70160897123
909250080,181469.70160897123
534201260,181469.70160897123
903430050,181469.70160897123
535478090,181469.70160897123
909256060,181469.70160897123
528112040,181469.70160897123
906226110,181469.70160897123
534251280,181469.70160897123
535383120,181469.70160897123
528240020,181469.70160897123
902135020,181469.70160897123
528228375,181469.70160897123
527163040,181469.70160897123
907192120,181469.70160897123
924100060,181469.70160897123
532378120,181469.70160897123
528104080,181469.70160897123
909250070,181469.70160897123
528228405,181469.70160897123
907187080,181469.70160897123
903201090,181469.70160897123
905475520,181469.70160897123
527302080,181469.70160897123
906223090,181469.70160897123
921128030,181469.70160897123
903451090,181469.70160897123
533236090,181469.70160897123
902100110,181469.70160897123
905377050,181469.70160897123
924151050,181469.70160897123
903227090,181469.70160897123
907126050,181469.70160897123
905478140,181469.70160897123
528114010,181469.70160897123
902402130,181469.70160897123
535175030,181469.70160897123
528110010,181469.70160897123
908275040,181469.70160897123
916455070,181469.70160897123
526352080,181469.70160897123
909101100,181469.70160897123
532351090,181469.70160897123
902205090,181469.70160897123
906394020,181469.70160897123
535180100,181469.70160897123
907175100,181469.70160897123
903430090,181469.70160897123
906380170,181469.70160897123
533215030,181469.70160897123
904351280,181469.70160897123
533128030,181469.70160897123
902206270,181469.70160897123
534129060,181469.70160897123
535300040,181469.70160897123
903231190,181469.70160897123
535375160,181469.70160897123
531478010,181469.70160897123
535352080,181469.70160897123
903227080,181469.70160897123
528439040,181469.70160897123
535152130,181469.70160897123
527404140,181469.70160897123
903458110,181469.70160897123
528218150,181469.70160897123
905104080,181469.70160897123
909257050,181469.70160897123
907290230,181469.70160897123
905229040,181469.70160897123
916176030,181469.70160897123
902401060,181469.70160897123
905352180,181469.70160897123
527427110,181469.70160897123
534401130,181469.70160897123
905103140,181469.70160897123
528138060,181469.70160897123
527354160,181469.70160897123
903231080,181469.70160897123
914452090,181469.70160897123
533236040,181469.70160897123
905377020,181469.70160897123
902106040,181469.70160897123
527105010,181469.70160897123
907290180,181469.70160897123
910202100,181469.70160897123
907135040,181469.70160897123
527126030,181469.70160897123
905101310,181469.70160897123
908204160,181469.70160897123
912251110,181469.70160897123
528175050,181469.70160897123
923203090,181469.70160897123
910226060,181469.70160897123
533217050,181469.70160897123
923276260,181469.70160897123
923225490,181469.70160897123
903425110,181469.70160897123
528480170,181469.70160897123
535179050,181469.70160897123
533208040,181469.70160897123
534152120,181469.70160897123
534425080,181469.70160897123
528458110,181469.70160897123
534151120,181469.70160897123
533215080,181469.70160897123
528172070,181469.70160897123
906380220,181469.70160897123
905227050,181469.70160897123
907290090,181469.70160897123
531376050,181469.70160897123
909428110,181469.70160897123
532353030,181469.70160897123
527354050,181469.70160897123
534401120,181469.70160897123
906204150,181469.70160897123
907405020,181469.70160897123
909425120,181469.70160897123
528108160,181469.70160897123
911128010,181469.70160897123
535477020,181469.70160897123
902456015,181469.70160897123
906204230,181469.70160897123
907200250,181469.70160897123
528456190,181469.70160897123
908154080,181469.70160897123
533212140,181469.70160897123
533250050,181469.70160897123
903228090,181469.70160897123
528116010,181469.70160897123
527210060,181469.70160897123
528102040,181469.70160897123
528176030,181469.70160897123
908225180,181469.70160897123
528456240,181469.70160897123
914467050,181469.70160897123
907187030,181469.70160897123
535177100,181469.70160897123
910205130,181469.70160897123
528477080,181469.70160897123
531384030,181469.70160897123
527302185,181469.70160897123
905479110,181469.70160897123
527453150,181469.70160897123
923125030,181469.70160897123
908127100,181469.70160897123
528458160,181469.70160897123
909275030,181469.70160897123
909425010,181469.70160897123
528228280,181469.70160897123
907192010,181469.70160897123
914476020,181469.70160897123
535377150,181469.70160897123
902301060,181469.70160897123
527212060,181469.70160897123
531369020,181469.70160897123
531385020,181469.70160897123
528490070,181469.70160897123
902327070,181469.70160897123
532479050,181469.70160897123
924100070,181469.70160897123
909254140,181469.70160897123
905480150,181469.70160897123
907203040,181469.70160897123
527403360,181469.70160897123
902305090,181469.70160897123
914475020,181469.70160897123
534477080,181469.70160897123
535453200,181469.70160897123
903427090,181469.70160897123
907255030,181469.70160897123
905104210,181469.70160897123
908225310,181469.70160897123
533128090,181469.70160897123
907201280,181469.70160897123
916326040,181469.70160897123
909254100,181469.70160897123
533125080,181469.70160897123
528222090,181469.70160897123
905426100,181469.70160897123
534278150,181469.70160897123
907125120,181469.70160897123
533236060,181469.70160897123
907135230,181469.70160897123
535426195,181469.70160897123
528458080,181469.70160897123
923225370,181469.70160897123
535453150,181469.70160897123
902134060,181469.70160897123
534402140,181469.70160897123
902300020,181469.70160897123
528104050,181469.70160897123
910207110,181469.70160897123
528327070,181469.70160897123
528441090,181469.70160897123
903481120,181469.70160897123
531375070,181469.70160897123
534201240,181469.70160897123
905477050,181469.70160897123
904302010,181469.70160897123
531452210,181469.70160897123
911225110,181469.70160897123
528427010,181469.70160897123
905301050,181469.70160897123
907202240,181469.70160897123
908102060,181469.70160897123
527454050,181469.70160897123
903429080,181469.70160897123
916403020,181469.70160897123
903454060,181469.70160897123
916455110,181469.70160897123
908152100,181469.70160897123
909280030,181469.70160897123
902134100,181469.70160897123
902109080,181469.70160897123
528102100,181469.70160897123
906223180,181469.70160897123
910203100,181469.70160897123
527358120,181469.70160897123
916402115,181469.70160897123
534426110,181469.70160897123
535152010,181469.70160897123
903226060,181469.70160897123
534176250,181469.70160897123
535452090,181469.70160897123
905107280,181469.70160897123
903429010,181469.70160897123
534477090,181469.70160897123
528363130,181469.70160897123
534151090,181469.70160897123
528488110,181469.70160897123
531375050,181469.70160897123
902329080,181469.70160897123
527451320,181469.70160897123
533208050,181469.70160897123
528102080,181469.70160897123
914465060,181469.70160897123
528188160,181469.70160897123
527359160,181469.70160897123
535457020,181469.70160897123
916455010,181469.70160897123
905200510,181469.70160897123
534430110,181469.70160897123
907254090,181469.70160897123
528222060,181469.70160897123
902106130,181469.70160897123
905402070,181469.70160897123
902110010,181469.70160897123
528477020,181469.70160897123
909427200,181469.70160897123
531363080,181469.70160897123
916460070,181469.70160897123
534276230,181469.70160897123
905200090,181469.70160897123
916125360,181469.70160897123
535301160,181469.70160897123
527359080,181469.70160897123
527358090,181469.70160897123
907202100,181469.70160897123
916460060,181469.70160897123
923250210,181469.70160897123
914474020,181469.70160897123
916403250,181469.70160897123
535304100,181469.70160897123
905450020,181469.70160897123
527252080,181469.70160897123
535426260,181469.70160897123
535477180,181469.70160897123
907420080,181469.70160897123
914476380,181469.70160897123
532476050,181469.70160897123
906380050,181469.70160897123
907125020,181469.70160897123
534403360,181469.70160897123
533352075,181469.70160897123
902300110,181469.70160897123
528290060,181469.70160897123
910201110,181469.70160897123
923225510,181469.70160897123
906201200,181469.70160897123
907180040,181469.70160897123
535451170,181469.70160897123
902304060,181469.70160897123
534201250,181469.70160897123
535453210,181469.70160897123
905102060,181469.70160897123
534476260,181469.70160897123
528112020,181469.70160897123
528186100,181469.70160897123
916382120,181469.70160897123
527425025,181469.70160897123
902401030,181469.70160897123
535450180,181469.70160897123
902304040,181469.70160897123
902106070,181469.70160897123
533350020,181469.70160897123
923228080,181469.70160897123
909452114,181469.70160897123
907285050,181469.70160897123
534276190,181469.70160897123
904301060,181469.70160897123
528439060,181469.70160897123
534175080,181469.70160897123
535375140,181469.70160897123
527162110,181469.70160897123
527450030,181469.70160897123
535377070,181469.70160897123
914476520,181469.70160897123
528477040,181469.70160897123
528118050,181469.70160897123
528235190,181469.70160897123
907126030,181469.70160897123
535476110,181469.70160897123
903235010,181469.70160897123
528290170,181469.70160897123
908186080,181469.70160897123
911104060,181469.70160897123
906382020,181469.70160897123
916386010,181469.70160897123
534129230,181469.70160897123
907202160,181469.70160897123
907275090,181469.70160897123
535152150,181469.70160897123
909101060,181469.70160897123
535476360,181469.70160897123
533221040,181469.70160897123
909251040,181469.70160897123
907252190,181469.70160897123
906225210,181469.70160897123
535450210,181469.70160897123
535383070,181469.70160897123
909101180,181469.70160897123
527216070,181469.70160897123
531363040,181469.70160897123
528106070,181469.70160897123
904100020,181469.70160897123
532378070,181469.70160897123
535381040,181469.70160897123
902201140,181469.70160897123
527404020,181469.70160897123
902328100,181469.70160897123
528181050,181469.70160897123
908102270,181469.70160897123
902103170,181469.70160897123
528366040,181469.70160897123
906380140,181469.70160897123
527146010,181469.70160897123
528120170,181469.70160897123
916455150,181469.70160897123
535177020,181469.70160897123
905401045,181469.70160897123
528180110,181469.70160897123
903456060,181469.70160897123
533208030,181469.70160897123
911370520,181469.70160897123
528228545,181469.70160897123
533208140,181469.70160897123
534178010,181469.70160897123
534129040,181469.70160897123
534277070,181469.70160897123
535152050,181469.70160897123
531382070,181469.70160897123
903228040,181469.70160897123
910200020,181469.70160897123
909277100,181469.70160897123
907180130,181469.70160897123
908275110,181469.70160897123
909176080,181469.70160897123
905475270,181469.70160897123
907175030,181469.70160897123
535151130,181469.70160897123
528445070,181469.70160897123
907414020,181469.70160897123
907252050,181469.70160897123
909428280,181469.70160897123
528431070,181469.70160897123
528429080,181469.70160897123
905105190,181469.70160897123
903202170,181469.70160897123
910206110,181469.70160897123
905107110,181469.70160897123
908188120,181469.70160897123
910202030,181469.70160897123
923252075,181469.70160897123
535426350,181469.70160897123
532376070,181469.70160897123
534252090,181469.70160897123
905476160,181469.70160897123
907187060,181469.70160897123
528429060,181469.70160897123
531363030,181469.70160897123
903233140,181469.70160897123
902206090,181469.70160897123
528120140,181469.70160897123
535325400,181469.70160897123
527107210,181469.70160897123
905352030,181469.70160897123
907401080,181469.70160897123
528456220,181469.70160897123
528250070,181469.70160897123
903226130,181469.70160897123
534400060,181469.70160897123
902302150,181469.70160897123
534431020,181469.70160897123
528218080,181469.70160897123
535457070,181469.70160897123
906420130,181469.70160897123
535453020,181469.70160897123
528480070,181469.70160897123
902204120,181469.70160897123
908225170,181469.70160897123
906382060,181469.70160897123
528116030,181469.70160897123
528235020,181469.70160897123
916380060,181469.70160897123
527451540,181469.70160897123
906382050,181469.70160897123
534455080,181469.70160897123
907290150,181469.70160897123
527451640,181469.70160897123
923252080,181469.70160897123
903201080,181469.70160897123
909475070,181469.70160897123
528102120,181469.70160897123
907410130,181469.70160897123
528186080,181469.70160897123
905103040,181469.70160897123
902405100,181469.70160897123
903201020,181469.70160897123
907414030,181469.70160897123
907255010,181469.70160897123
528439050,181469.70160897123
534430090,181469.70160897123
535450160,181469.70160897123
903236040,181469.70160897123
527425035,181469.70160897123
528326060,181469.70160897123
535477090,181469.70160897123
907290160,181469.70160897123
535180030,181469.70160897123
527402130,181469.70160897123
535151160,181469.70160897123
904101170,181469.70160897123
527256040,181469.70160897123
528365090,181469.70160897123
907187040,181469.70160897123
902104020,181469.70160897123
528275060,181469.70160897123
528462040,181469.70160897123
528150080,181469.70160897123
906204280,181469.70160897123
903454020,181469.70160897123
903481100,181469.70160897123
527378140,181469.70160897123
903236010,181469.70160897123
906201120,181469.70160897123
906201130,181469.70160897123
905402090,181469.70160897123
906203120,181469.70160897123
923225150,181469.70160897123
902330010,181469.70160897123
909475230,181469.70160897123
907410050,181469.70160897123
535451190,181469.70160897123
902201120,181469.70160897123
533206040,181469.70160897123
534127170,181469.70160897123
907254020,181469.70160897123
908203100,181469.70160897123
908154235,181469.70160897123
923230180,181469.70160897123
535180020,181469.70160897123
533210020,181469.70160897123
531363020,181469.70160897123
534431070,181469.70160897123
923229100,181469.70160897123
533254130,181469.70160897123
907131090,181469.70160897123
527355060,181469.70160897123
534450110,181469.70160897123
905352140,181469.70160897123
908127060,181469.70160897123
535325340,181469.70160897123
902105020,181469.70160897123
923225200,181469.70160897123
907250030,181469.70160897123
528172060,181469.70160897123
531363050,181469.70160897123
528138020,181469.70160897123
909428120,181469.70160897123
903206170,181469.70160897123
527402220,181469.70160897123
528222050,181469.70160897123
534225110,181469.70160897123
906380210,181469.70160897123
528106110,181469.70160897123
533213040,181469.70160897123
534177180,181469.70160897123
528482090,181469.70160897123
916386140,181469.70160897123
907203110,181469.70160897123
527302090,181469.70160897123
534475250,181469.70160897123
906380200,181469.70160897123
905103070,181469.70160897123
903202120,181469.70160897123
532376180,181469.70160897123
921205050,181469.70160897123
907201160,181469.70160897123
905401100,181469.70160897123
903230100,181469.70160897123
534403280,181469.70160897123
907194160,181469.70160897123
533120030,181469.70160897123
531451110,181469.70160897123
907270040,181469.70160897123
534252070,181469.70160897123
923203100,181469.70160897123
532479120,181469.70160897123
908227030,181469.70160897123
535403030,181469.70160897123
535179120,181469.70160897123
923250060,181469.70160897123
527145090,181469.70160897123
527404050,181469.70160897123
923202025,181469.70160897123
909276110,181469.70160897123
528431030,181469.70160897123
903234220,181469.70160897123
906402200,181469.70160897123
534400050,181469.70160897123
904301410,181469.70160897123
902207120,181469.70160897123
906380010,181469.70160897123
528435010,181469.70160897123
910204050,181469.70160897123
904100030,181469.70160897123
907135180,181469.70160897123
535401140,181469.70160897123
528275035,181469.70160897123
903475020,181469.70160897123
534125080,181469.70160897123
924152030,181469.70160897123
527403020,181469.70160897123
902400110,181469.70160897123
911370430,181469.70160897123
527425090,181469.70160897123
528488100,181469.70160897123
908228010,181469.70160897123
533212110,181469.70160897123
533223030,181469.70160897123
903455030,181469.70160897123
528290030,181469.70160897123
528228445,181469.70160897123
527110130,181469.70160897123
535181140,181469.70160897123
532354010,181469.70160897123
905300020,181469.70160897123
908152180,181469.70160897123
907227100,181469.70160897123
903456090,181469.70160897123
905401060,181469.70160897123
534226120,181469.70160897123
909276200,181469.70160897123
905201080,181469.70160897123
528166150,181469.70160897123
527401130,181469.70160897123
528110110,181469.70160897123
528228295,181469.70160897123
906340100,181469.70160897123
907405130,181469.70160897123
534430050,181469.70160897123
528120100,181469.70160897123
903231030,181469.70160897123
535454100,181469.70160897123
914478110,181469.70160897123
527165170,181469.70160897123
902403070,181469.70160897123
527162140,181469.70160897123
528292020,181469.70160897123
535478010,181469.70160897123
533205110,181469.70160897123
903229040,181469.70160897123
908201120,181469.70160897123
535452060,181469.70160897123
903400180,181469.70160897123
909175100,181469.70160897123
902205140,181469.70160897123
903231090,181469.70160897123
526301100,181469.70160897123
528102110,181469.70160897123
534478230,181469.70160897123
909251050,181469.70160897123
528114040,181469.70160897123
527354040,181469.70160897123
909252220,181469.70160897123
527208010,181469.70160897123
903225050,181469.70160897123
902205010,181469.70160897123
904100140,181469.70160897123
534476150,181469.70160897123
907262020,181469.70160897123
904302020,181469.70160897123
908275220,181469.70160897123
535178060,181469.70160897123
905107070,181469.70160897123
905480210,181469.70160897123
535383100,181469.70160897123
906380160,181469.70160897123
532351060,181469.70160897123
535101150,181469.70160897123
908225290,181469.70160897123
907410080,181469.70160897123
533253090,181469.70160897123
527158020,181469.70160897123
535402140,181469.70160897123
908102290,181469.70160897123
907418010,181469.70160897123
902326060,181469.70160897123
528235170,181469.70160897123
907420070,181469.70160897123
903452090,181469.70160897123
528240050,181469.70160897123
535102010,181469.70160897123
527184020,181469.70160897123
902100010,181469.70160897123
528327060,181469.70160897123
535154130,181469.70160897123
527455030,181469.70160897123
909251030,181469.70160897123
907230240,181469.70160897123
527301245,181469.70160897123
527180040,181469.70160897123
907200170,181469.70160897123
535454050,181469.70160897123
533234020,181469.70160897123
535105060,181469.70160897123
535325450,181469.70160897123
528477030,181469.70160897123
527377030,181469.70160897123
923225260,181469.70160897123
528112150,181469.70160897123
534152100,181469.70160897123
902330090,181469.70160897123
534129380,181469.70160897123
527252070,181469.70160897123
908103320,181469.70160897123
533221060,181469.70160897123
528482030,181469.70160897123
533244040,181469.70160897123
902401120,181469.70160897123
532478020,181469.70160897123
528358040,181469.70160897123
532479070,181469.70160897123
903235020,181469.70160897123
527166040,181469.70160897123
528142130,181469.70160897123
535106140,181469.70160897123
907410110,181469.70160897123
907194110,181469.70160897123
533213140,181469.70160897123
909428340,181469.70160897123
907412080,181469.70160897123
527405160,181469.70160897123
528231050,181469.70160897123
923277030,181469.70160897123
908225370,181469.70160897123
906412010,181469.70160897123
910204090,181469.70160897123
528144050,181469.70160897123
914460110,181469.70160897123
531375110,181469.70160897123
534204120,181469.70160897123
528106020,181469.70160897123
533251120,181469.70160897123
906225180,181469.70160897123
527276040,181469.70160897123
528250060,181469.70160897123
923277080,181469.70160897123
527216050,181469.70160897123
535105090,181469.70160897123
527455240,181469.70160897123
535154060,181469.70160897123
905200340,181469.70160897123
528228290,181469.70160897123
903456130,181469.70160897123
528294060,181469.70160897123
902206260,181469.70160897123
907405030,181469.70160897123
535450310,181469.70160897123
905200280,181469.70160897123
908103090,181469.70160897123
534277090,181469.70160897123
906394050,181469.70160897123
531450090,181469.70160897123
906380120,181469.70160897123
528435060,181469.70160897123
916382110,181469.70160897123
905403060,181469.70160897123
902406020,181469.70160897123
902205130,181469.70160897123
911204090,181469.70160897123
902206220,181469.70160897123
916402125,181469.70160897123
535402090,181469.70160897123
916402215,181469.70160897123
923225050,181469.70160897123
905426010,181469.70160897123
916475020,181469.70160897123
914452190,181469.70160897123
528365070,181469.70160897123
907420060,181469.70160897123
527158090,181469.70160897123
902136110,181469.70160897123
906392130,181469.70160897123
528488130,181469.70160897123
527301170,181469.70160897123
905107380,181469.70160897123
528439080,181469.70160897123
534175100,181469.70160897123
916252170,181469.70160897123
903426010,181469.70160897123
535452140,181469.70160897123
906378110,181469.70160897123
527452070,181469.70160897123
923225080,181469.70160897123
905100060,181469.70160897123
531385070,181469.70160897123
527180100,181469.70160897123
902125160,181469.70160897123
528435030,181469.70160897123
902427045,181469.70160897123
528228360,181469.70160897123
527175130,181469.70160897123
535425060,181469.70160897123
527451550,181469.70160897123
528176010,181469.70160897123
906378190,181469.70160897123
528108070,181469.70160897123
527359070,181469.70160897123
527184110,181469.70160897123
911370510,181469.70160897123
527302070,181469.70160897123
902206040,181469.70160897123
902105110,181469.70160897123
906223040,181469.70160897123
907252210,181469.70160897123
527365030,181469.70160897123
903454100,181469.70160897123
528250030,181469.70160897123
916386020,181469.70160897123
528186160,181469.70160897123
916325080,181469.70160897123
528275160,181469.70160897123
903234160,181469.70160897123
903451110,181469.70160897123
535381060,181469.70160897123
526355190,181469.70160897123
905426150,181469.70160897123
528228455,181469.70160897123
902306130,181469.70160897123
905478190,181469.70160897123
535304060,181469.70160897123
921201060,181469.70160897123
906392080,181469.70160897123
906226120,181469.70160897123
533250190,181469.70160897123
535152280,181469.70160897123
907253130,181469.70160897123
911175360,181469.70160897123
908128110,181469.70160897123
907130110,181469.70160897123
528321010,181469.70160897123
527327050,181469.70160897123
535105110,181469.70160897123
907251100,181469.70160897123
909428170,181469.70160897123
527455250,181469.70160897123
909475140,181469.70160897123
914476080,181469.70160897123
907275150,181469.70160897123
907265100,181469.70160897123
534226060,181469.70160897123
527450460,181469.70160897123
907285020,181469.70160897123
528188020,181469.70160897123
905377010,181469.70160897123
907260050,181469.70160897123
905226130,181469.70160897123
528228275,181469.70160897123
528228450,181469.70160897123
535154080,181469.70160897123
907187010,181469.70160897123
528480040,181469.70160897123
907262080,181469.70160897123
528240030,181469.70160897123
909101050,181469.70160897123
534251320,181469.70160897123
535451040,181469.70160897123
535455090,181469.70160897123
528480110,181469.70160897123
909101330,181469.70160897123
527357180,181469.70160897123
527451060,181469.70160897123
905201030,181469.70160897123
528186010,181469.70160897123
527452190,181469.70160897123
528456230,181469.70160897123
528186030,181469.70160897123
916384100,181469.70160897123
903484080,181469.70160897123
902327040,181469.70160897123
532476080,181469.70160897123
526355080,181469.70160897123
907275080,181469.70160897123
528250010,181469.70160897123
902100130,181469.70160897123
527127140,181469.70160897123
902477120,181469.70160897123
535403040,181469.70160897123
528228340,181469.70160897123
903429110,181469.70160897123
527182190,181469.70160897123
527108030,181469.70160897123
903233100,181469.70160897123
527163100,181469.70160897123
535375040,181469.70160897123
902408080,181469.70160897123
528231020,181469.70160897123
906380070,181469.70160897123
527453010,181469.70160897123
923227080,181469.70160897123
534403440,181469.70160897123
924151040,181469.70160897123
908102040,181469.70160897123
906223220,181469.70160897123
903230120,181469.70160897123
535378080,181469.70160897123
528315070,181469.70160897123
527105070,181469.70160897123
535353060,181469.70160897123
903204040,181469.70160897123
535354260,181469.70160897123
921205070,181469.70160897123
535427070,181469.70160897123
535425070,181469.70160897123
908128100,181469.70160897123
907131070,181469.70160897123
903231180,181469.70160897123
902106090,181469.70160897123
535153070,181469.70160897123
528172030,181469.70160897123
528150110,181469.70160897123
914476130,181469.70160897123
532479020,181469.70160897123
534428060,181469.70160897123
528354100,181469.70160897123
908186050,181469.70160897123
914452060,181469.70160897123
527427230,181469.70160897123
533253210,181469.70160897123
923226300,181469.70160897123
909276170,181469.70160897123
527353020,181469.70160897123
906201021,181469.70160897123
905226030,181469.70160897123
527375100,181469.70160897123
528102130,181469.70160897123
902325070,181469.70160897123
905427010,181469.70160897123
534276360,181469.70160897123
535104020,181469.70160897123
904301110,181469.70160897123
902109110,181469.70160897123
535106180,181469.70160897123
535457040,181469.70160897123
528344020,181469.70160897123
907290040,181469.70160897123
903200080,181469.70160897123
908276150,181469.70160897123
527105050,181469.70160897123
904301375,181469.70160897123
909101010,181469.70160897123
534451170,181469.70160897123
528174040,181469.70160897123
909201110,181469.70160897123
905101330,181469.70160897123
923400110,181469.70160897123
534453150,181469.70160897123
528429090,181469.70160897123
535379100,181469.70160897123
531369060,181469.70160897123
908250100,181469.70160897123
902109130,181469.70160897123
534451120,181469.70160897123
923229040,181469.70160897123
905402060,181469.70160897123
534202170,181469.70160897123
528386040,181469.70160897123
907185050,181469.70160897123
534200030,181469.70160897123
905452040,181469.70160897123
534250370,181469.70160897123
904351240,181469.70160897123
902110090,181469.70160897123
534278170,181469.70160897123
527325070,181469.70160897123
527165130,181469.70160897123
905352070,181469.70160897123
902107050,181469.70160897123
906340080,181469.70160897123
908275290,181469.70160897123
907227290,181469.70160897123
528427020,181469.70160897123
535403010,181469.70160897123
534479150,181469.70160897123
902105010,181469.70160897123
535179060,181469.70160897123
533241030,181469.70160897123
923202005,181469.70160897123
527358060,181469.70160897123
528142150,181469.70160897123
528292060,181469.70160897123
527190220,181469.70160897123
534479120,181469.70160897123
535402070,181469.70160897123
535375050,181469.70160897123
528104010,181469.70160897123
909250210,181469.70160897123
909475050,181469.70160897123
528480060,181469.70160897123
535382130,181469.70160897123
535451050,181469.70160897123
907410040,181469.70160897123
528482040,181469.70160897123
528235090,181469.70160897123
535101110,181469.70160897123
534450090,181469.70160897123
910202050,181469.70160897123
534104100,181469.70160897123
527451460,181469.70160897123
923204140,181469.70160897123
909179020,181469.70160897123
528480160,181469.70160897123
527359010,181469.70160897123
533242090,181469.70160897123
528175060,181469.70160897123
528188040,181469.70160897123
902128075,181469.70160897123
903233220,181469.70160897123
905426200,181469.70160897123
527403310,181469.70160897123
902400090,181469.70160897123
535382100,181469.70160897123
532353180,181469.70160897123
535403210,181469.70160897123
923226290,181469.70160897123
528174050,181469.70160897123
916475110,181469.70160897123
907131120,181469.70160897123
535456050,181469.70160897123
909251170,181469.70160897123
533352150,181469.70160897123
905480240,181469.70160897123
533213070,181469.70160897123
528458090,181469.70160897123
535105160,181469.70160897123
905376090,181469.70160897123
528315080,181469.70160897123
905109130,181469.70160897123
527402090,181469.70160897123
905202210,181469.70160897123
909451130,181469.70160897123
534450180,181469.70160897123
527427200,181469.70160897123
903457130,181469.70160897123
528221010,181469.70160897123
533212100,181469.70160897123
907290170,181469.70160897123
923230200,181469.70160897123
923230010,181469.70160897123
910202070,181469.70160897123
528235010,181469.70160897123
528174080,181469.70160897123
532376080,181469.70160897123
534275100,181469.70160897123
527252050,181469.70160897123
923275080,181469.70160897123
535354070,181469.70160897123
528181030,181469.70160897123
904100170,181469.70160897123
907295100,181469.70160897123
527455080,181469.70160897123
902329070,181469.70160897123
908225320,181469.70160897123
910202060,181469.70160897123
905102010,181469.70160897123
902325160,181469.70160897123
533212060,181469.70160897123
903225090,181469.70160897123
534428020,181469.70160897123
534403400,181469.70160897123
903227150,181469.70160897123
906201022,181469.70160897123
532377060,181469.70160897123
535476240,181469.70160897123
527427210,181469.70160897123
905100080,181469.70160897123
905101260,181469.70160897123
527108070,181469.70160897123
903233120,181469.70160897123
906392100,181469.70160897123
528114050,181469.70160897123
907290070,181469.70160897123
534201280,181469.70160897123
532354060,181469.70160897123
905452150,181469.70160897123
903204010,181469.70160897123
907203090,181469.70160897123
909451180,181469.70160897123
535376010,181469.70160897123
533208020,181469.70160897123
905104170,181469.70160897123
532354230,181469.70160897123
905351045,181469.70160897123
905451340,181469.70160897123
906223110,181469.70160897123
911175430,181469.70160897123
908103310,181469.70160897123
923426010,181469.70160897123
908151040,181469.70160897123
528118020,181469.70160897123
909475040,181469.70160897123
534202130,181469.70160897123
528228575,181469.70160897123
535325280,181469.70160897123
533221100,181469.70160897123
910203090,181469.70160897123
904302030,181469.70160897123
905106210,181469.70160897123
535325320,181469.70160897123
532353120,181469.70160897123
527368020,181469.70160897123
923228250,181469.70160897123
532477030,181469.70160897123
905107300,181469.70160897123
906378170,181469.70160897123
905100020,181469.70160897123
905104110,181469.70160897123
533127080,181469.70160897123
535402100,181469.70160897123
528390100,181469.70160897123
528478040,181469.70160897123
923226180,181469.70160897123
527401160,181469.70160897123
528180080,181469.70160897123
528445060,181469.70160897123
909452102,181469.70160897123
535402270,181469.70160897123
528364110,181469.70160897123
528376010,181469.70160897123
527450280,181469.70160897123
907254050,181469.70160897123
535302130,181469.70160897123
527364030,181469.70160897123
533130020,181469.70160897123
907250070,181469.70160897123
533252130,181469.70160897123
534151180,181469.70160897123
527108020,181469.70160897123
906378150,181469.70160897123
534403080,181469.70160897123
904101070,181469.70160897123
902205030,181469.70160897123
916455050,181469.70160897123
906230010,181469.70160897123
527105140,181469.70160897123
910200110,181469.70160897123
528120030,181469.70160897123
907200280,181469.70160897123
533350050,181469.70160897123
535125090,181469.70160897123
906380190,181469.70160897123
907414060,181469.70160897123
908102330,181469.70160897123
527326130,181469.70160897123
535327210,181469.70160897123
908103280,181469.70160897123
905452140,181469.70160897123
532378160,181469.70160897123
528315090,181469.70160897123
534128210,181469.70160897123
527380240,181469.70160897123
904301070,181469.70160897123
533212150,181469.70160897123
903457040,181469.70160897123
534152050,181469.70160897123
916226030,181469.70160897123
905101200,181469.70160897123
904101040,181469.70160897123
902128160,181469.70160897123
527214060,181469.70160897123
532378180,181469.70160897123
908201110,181469.70160897123
902300260,181469.70160897123
535376100,181469.70160897123
905107220,181469.70160897123
531376060,181469.70160897123
905200260,181469.70160897123
924100050,181469.70160897123
528445010,181469.70160897123
916455170,181469.70160897123
528456200,181469.70160897123
528348010,181469.70160897123
906230020,181469.70160897123
528290090,181469.70160897123
534403040,181469.70160897123
528240060,181469.70160897123
527357020,181469.70160897123
909452050,181469.70160897123
907290210,181469.70160897123
911370500,181469.70160897123
527183060,181469.70160897123
909276070,181469.70160897123
535180120,181469.70160897123
907201220,181469.70160897123
907181120,181469.70160897123
534128190,181469.70160897123
535375130,181469.70160897123
906226140,181469.70160897123
906392110,181469.70160897123
535151110,181469.70160897123
526302030,181469.70160897123
528108130,181469.70160897123
535425080,181469.70160897123
906201030,181469.70160897123
528186180,181469.70160897123
902207130,181469.70160897123
527162090,181469.70160897123
528106010,181469.70160897123
532378240,181469.70160897123
916402015,181469.70160897123
528480180,181469.70160897123
531363060,181469.70160897123
535353050,181469.70160897123
528228270,181469.70160897123
903425280,181469.70160897123
911128020,181469.70160897123
528106040,181469.70160897123
902405120,181469.70160897123
528435070,181469.70160897123
534426040,181469.70160897123
902206020,181469.70160897123
526354020,181469.70160897123
903484110,181469.70160897123
534276070,181469.70160897123
528166090,181469.70160897123
907202050,181469.70160897123
527163010,181469.70160897123
527375180,181469.70160897123
528218140,181469.70160897123
531451280,181469.70160897123
535152200,181469.70160897123
905105200,181469.70160897123
902402150,181469.70160897123
534477030,181469.70160897123
527106140,181469.70160897123
909100110,181469.70160897123
532354150,181469.70160897123
907202190,181469.70160897123
903204095,181469.70160897123
531373060,181469.70160897123
902201110,181469.70160897123
527107040,181469.70160897123
903228060,181469.70160897123
527402150,181469.70160897123
907135020,181469.70160897123
531380080,181469.70160897123
914478100,181469.70160897123
533215040,181469.70160897123
528150070,181469.70160897123
907126010,181469.70160897123
527145080,181469.70160897123
528120150,181469.70160897123
905226080,181469.70160897123
908102140,181469.70160897123
905201110,181469.70160897123
535478070,181469.70160897123
534176140,181469.70160897123
531376010,181469.70160897123
534429030,181469.70160897123
909252020,181469.70160897123
535378120,181469.70160897123
902427140,181469.70160897123
528142040,181469.70160897123
535454060,181469.70160897123
907181140,181469.70160897123
909251090,181469.70160897123
902109010,181469.70160897123
907252220,181469.70160897123
534476320,181469.70160897123
528360050,181469.70160897123
908225240,181469.70160897123
903425270,181469.70160897123
535126180,181469.70160897123
909428190,181469.70160897123
533212050,181469.70160897123
903430080,181469.70160897123
916384070,181469.70160897123
528104070,181469.70160897123
903425190,181469.70160897123
907176010,181469.70160897123
528142090,181469.70160897123
528172080,181469.70160897123
923228290,181469.70160897123
535476350,181469.70160897123
902108060,181469.70160897123
907290080,181469.70160897123
534455030,181469.70160897123
905104180,181469.70160897123
907200230,181469.70160897123
910201180,181469.70160897123
535304020,181469.70160897123
908275240,181469.70160897123
916384080,181469.70160897123
909253190,181469.70160897123
527276160,181469.70160897123
535456020,181469.70160897123
528120010,181469.70160897123
905452050,181469.70160897123
906424010,181469.70160897123
535352090,181469.70160897123
908103350,181469.70160897123
528142050,181469.70160897123
535380050,181469.70160897123
916325040,181469.70160897123
528142020,181469.70160897123
528218020,181469.70160897123
535177110,181469.70160897123
527455050,181469.70160897123
531452020,181469.70160897123
528108040,181469.70160897123
528280110,181469.70160897123
535456100,181469.70160897123
535181030,181469.70160897123
903200050,181469.70160897123
533125120,181469.70160897123
905106170,181469.70160897123
527108010,181469.70160897123
535401080,181469.70160897123
533213030,181469.70160897123
528250040,181469.70160897123
902128170,181469.70160897123
535477130,181469.70160897123
528275070,181469.70160897123
911370490,181469.70160897123
526354070,181469.70160897123
531367050,181469.70160897123
902110130,181469.70160897123
527106050,181469.70160897123
907200270,181469.70160897123
903231050,181469.70160897123
907135080,181469.70160897123
908229020,181469.70160897123
527453160,181469.70160897123
903231070,181469.70160897123
532378220,181469.70160897123
911370410,181469.70160897123
909427230,181469.70160897123
527161040,181469.70160897123
923201100,181469.70160897123
907420040,181469.70160897123
534403290,181469.70160897123
528168030,181469.70160897123
903450060,181469.70160897123
914465055,181469.70160897123
534476080,181469.70160897123
534475170,181469.70160897123
531452070,181469.70160897123
905475510,181469.70160897123
528110070,181469.70160897123
527450010,181469.70160897123
914467040,181469.70160897123
535451100,181469.70160897123
907194010,181469.70160897123
903233050,181469.70160897123
903201030,181469.70160897123
906201050,181469.70160897123
527405180,181469.70160897123
527325110,181469.70160897123
528228465,181469.70160897123
909250040,181469.70160897123
532378130,181469.70160897123
905103060,181469.70160897123
535354200,181469.70160897123
907196040,181469.70160897123
911370530,181469.70160897123
923228260,181469.70160897123
534225120,181469.70160897123
907192090,181469.70160897123
909279010,181469.70160897123
907295040,181469.70160897123
911102090,181469.70160897123
908102300,181469.70160897123
533253160,181469.70160897123
528110090,181469.70160897123
903234030,181469.70160897123
908127070,181469.70160897123
908201040,181469.70160897123
528170070,181469.70160897123
535402120,181469.70160897123
531369010,181469.70160897123
923275010,181469.70160897123
909253080,181469.70160897123
902128020,181469.70160897123
907180120,181469.70160897123
528172150,181469.70160897123
527375160,181469.70160897123
902201130,181469.70160897123
531450120,181469.70160897123
533208070,181469.70160897123
906204180,181469.70160897123
528228430,181469.70160897123
908227040,181469.70160897123
528429100,181469.70160897123
906402070,181469.70160897123
534278190,181469.70160897123
534477110,181469.70160897123
906412050,181469.70160897123
528218010,181469.70160897123
531367010,181469.70160897123
534402170,181469.70160897123
535379060,181469.70160897123
533205060,181469.70160897123
528228555,181469.70160897123
903231130,181469.70160897123
533254100,181469.70160897123
527301010,181469.70160897123
528172050,181469.70160897123
531451150,181469.70160897123
528120110,181469.70160897123
527166010,181469.70160897123
535453100,181469.70160897123
527451410,181469.70160897123
528110100,181469.70160897123
528482020,181469.70160897123
535456110,181469.70160897123
909451140,181469.70160897123
528480020,181469.70160897123
906378100,181469.70160897123
902401090,181469.70160897123
905426060,181469.70160897123
906426195,181469.70160897123
903430040,181469.70160897123
535175050,181469.70160897123
532378200,181469.70160897123
903228120,181469.70160897123
923400040,181469.70160897123
528235120,181469.70160897123
528366070,181469.70160897123
907420090,181469.70160897123
908276230,181469.70160897123
528458180,181469.70160897123
906475200,181469.70160897123
533206070,181469.70160897123
923225040,181469.70160897123
907135260,181469.70160897123
907255050,181469.70160897123
535454030,181469.70160897123
905475160,181469.70160897123
902204080,181469.70160897123
909100080,181469.70160897123
528358010,181469.70160897123
527302060,181469.70160897123
905103110,181469.70160897123
528326110,181469.70160897123
535354100,181469.70160897123
528240040,181469.70160897123
534278070,181469.70160897123
908228040,181469.70160897123
907181090,181469.70160897123
528186050,181469.70160897123
527110020,181469.70160897123
527107020,181469.70160897123
923202220,181469.70160897123
903233080,181469.70160897123
907125080,181469.70160897123
923230040,181469.70160897123
527110120,181469.70160897123
908152260,181469.70160897123
533206050,181469.70160897123
528275110,181469.70160897123
528218060,181469.70160897123
908151050,181469.70160897123
908154195,181469.70160897123
534126090,181469.70160897123
526352090,181469.70160897123
527453060,181469.70160897123
906226090,181469.70160897123
531452010,181469.70160897123
908152280,181469.70160897123
905480160,181469.70160897123
908102030,181469.70160897123
908102100,181469.70160897123
905105260,181469.70160897123
528490080,181469.70160897123
905427030,181469.70160897123
909425130,181469.70160897123
527164090,181469.70160897123
535353240,181469.70160897123
907262070,181469.70160897123
905478220,181469.70160897123
907194020,181469.70160897123
905475150,181469.70160897123
908275280,181469.70160897123
908152060,181469.70160897123
535150280,181469.70160897123
528344060,181469.70160897123
528328100,181469.70160897123
527105130,181469.70160897123
535450200,181469.70160897123
531452080,181469.70160897123
905300010,181469.70160897123
528174060,181469.70160897123
910201020,181469.70160897123
903204030,181469.70160897123
527302110,181469.70160897123
909279080,181469.70160897123
905202090,181469.70160897123
902201090,181469.70160897123
914476450,181469.70160897123
903226160,181469.70160897123
526302040,181469.70160897123
528387030,181469.70160897123
527301080,181469.70160897123
909475300,181469.70160897123
923202137,181469.70160897123
902404010,181469.70160897123
528102010,181469.70160897123
528315110,181469.70160897123
528431120,181469.70160897123
923204040,181469.70160897123
527226010,181469.70160897123
528178010,181469.70160897123
907250020,181469.70160897123
535301170,181469.70160897123
535303150,181469.70160897123
907131190,181469.70160897123
902207220,181469.70160897123
531375140,181469.70160897123
528240070,181469.70160897123
534453080,181469.70160897123
905105170,181469.70160897123
528228540,181469.70160897123
911128180,181469.70160897123
535403190,181469.70160897123
906402060,181469.70160897123
914476500,181469.70160897123
528280230,181469.70160897123
923230190,181469.70160897123
528482010,181469.70160897123
903430130,181469.70160897123
909455030,181469.70160897123
528220040,181469.70160897123
528120160,181469.70160897123
527354100,181469.70160897123
528441020,181469.70160897123
923225310,181469.70160897123
534429150,181469.70160897123
907275030,181469.70160897123
905452110,181469.70160897123
528190010,181469.70160897123
527352150,181469.70160897123
527216080,181469.70160897123
535353180,181469.70160897123
535101120,181469.70160897123
916403200,181469.70160897123
909253180,181469.70160897123
534401140,181469.70160897123
528315030,181469.70160897123
903401030,181469.70160897123
905104240,181469.70160897123
527166030,181469.70160897123
534452060,181469.70160897123
535305160,181469.70160897123
528382030,181469.70160897123
528344040,181469.70160897123
903425245,181469.70160897123
528431050,181469.70160897123
528235200,181469.70160897123
908186060,181469.70160897123
923228420,181469.70160897123
526351030,181469.70160897123
528441080,181469.70160897123
907192020,181469.70160897123
527301320,181469.70160897123
527453070,181469.70160897123
532479140,181469.70160897123
532377130,181469.70160897123
528142140,181469.70160897123
923204150,181469.70160897123
916386040,181469.70160897123
909250120,181469.70160897123
905427070,181469.70160897123
535477150,181469.70160897123
903451050,181469.70160897123
907194130,181469.70160897123
527326150,181469.70160897123
902303100,181469.70160897123
534276040,181469.70160897123
906223140,181469.70160897123
528110080,181469.70160897123
532353050,181469.70160897123
533213130,181469.70160897123
535355100,181469.70160897123
527450250,181469.70160897123
923228230,181469.70160897123
534175010,181469.70160897123
527404180,181469.70160897123
911175410,181469.70160897123
534427040,181469.70160897123
528172075,181469.70160897123
534151175,181469.70160897123
528174070,181469.70160897123
914476330,181469.70160897123
532376110,181469.70160897123
910203250,181469.70160897123
527161010,181469.70160897123
907420110,181469.70160897123
528290140,181469.70160897123
907410100,181469.70160897123
909475020,181469.70160897123
528181010,181469.70160897123
527353080,181469.70160897123
528142060,181469.70160897123
909275110,181469.70160897123
535456010,181469.70160897123
534127190,181469.70160897123
921128050,181469.70160897123
911202100,181469.70160897123
527402250,181469.70160897123
914475090,181469.70160897123
909455040,181469.70160897123
907175060,181469.70160897123
909279040,181469.70160897123
528477070,181469.70160897123
905300080,181469.70160897123
534401200,181469.70160897123
923228220,181469.70160897123
905225080,181469.70160897123
528166120,181469.70160897123
909101080,181469.70160897123
903227140,181469.70160897123
531382090,181469.70160897123
528102030,181469.70160897123
921126030,181469.70160897123
905377130,181469.70160897123
909253010,181469.70160897123
535179160,181469.70160897123
527162130,181469.70160897123
